village_code,county_chinese_name,township_chinese_name,village_chinese_name,village_english_name,county_id,county_code,township_id,township_code,note,township_english_name,simulated_passerby
63000080031,臺北市,文山區,樟新里,Zhangxin Vil.,A,63000,A11,63000080,,Wenshan District,0.0
63000080037,臺北市,文山區,老泉里,Laoquan Vil.,A,63000,A11,63000080,,Wenshan District,0.0
63000080032,臺北市,文山區,樟腳里,Zhangjiao Vil.,A,63000,A11,63000080,,Wenshan District,0.0
63000080041,臺北市,文山區,樟文里,Zhangwen Vil.,A,63000,A11,63000080,,Wenshan District,59.84439455920851
63000080043,臺北市,文山區,樟樹里,Zhangshu Vil.,A,63000,A11,63000080,,Wenshan District,85.73233627562206
63000080029,臺北市,文山區,順興里,Shunxing Vil.,A,63000,A11,63000080,,Wenshan District,93.5239844582411
63000080036,臺北市,文山區,指南里,Zhinan Vil.,A,63000,A11,63000080,,Wenshan District,0.0
63000080030,臺北市,文山區,樟林里,Zhanglin Vil.,A,63000,A11,63000080,,Wenshan District,309.14222998890284
63000080038,臺北市,文山區,忠順里,Zhongshun Vil.,A,63000,A11,63000080,,Wenshan District,411.5123611653841
63000080023,臺北市,文山區,試院里,Shiyuan Vil.,A,63000,A11,63000080,,Wenshan District,428.8819015704164
63000080028,臺北市,文山區,木新里,Muxin Vil.,A,63000,A11,63000080,,Wenshan District,202.51792700493542
63000080025,臺北市,文山區,明義里,Mingyi Vil.,A,63000,A11,63000080,,Wenshan District,1521.0146180724792
63000080001,臺北市,文山區,景行里,Jingxing Vil.,A,63000,A11,63000080,,Wenshan District,4262.015123486139
63000080024,臺北市,文山區,華興里,Huaxing Vil.,A,63000,A11,63000080,,Wenshan District,1015.0407782063088
63000080026,臺北市,文山區,明興里,Mingxing Vil.,A,63000,A11,63000080,,Wenshan District,2804.2523609041273
63000080003,臺北市,文山區,景美里,Jingmei Vil.,A,63000,A11,63000080,,Wenshan District,7054.4144930725715
63000080027,臺北市,文山區,木柵里,Muzha Vil.,A,63000,A11,63000080,,Wenshan District,1978.2387287523632
63000080002,臺北市,文山區,景東里,Jingdong Vil.,A,63000,A11,63000080,,Wenshan District,2394.30522648851
63000080015,臺北市,文山區,興家里,Xingjia Vil.,A,63000,A11,63000080,,Wenshan District,5420.7045595824675
63000080040,臺北市,文山區,政大里,Zhengda Vil.,A,63000,A11,63000080,,Wenshan District,1207.8539197555622
63000080004,臺北市,文山區,景慶里,Jingqing Vil.,A,63000,A11,63000080,,Wenshan District,12153.006468839336
63000080006,臺北市,文山區,景華里,Jinghua Vil.,A,63000,A11,63000080,,Wenshan District,5218.22669420319
63000080019,臺北市,文山區,興福里,Xingfu Vil.,A,63000,A11,63000080,,Wenshan District,3752.5880298000493
63000080005,臺北市,文山區,景仁里,Jingren Vil.,A,63000,A11,63000080,,Wenshan District,10385.366399800934
63000080016,臺北市,文山區,興得里,Xingde Vil.,A,63000,A11,63000080,,Wenshan District,5149.440790556927
63000080018,臺北市,文山區,興安里,Xing'an Vil.,A,63000,A11,63000080,,Wenshan District,3084.3983708905043
63000080017,臺北市,文山區,興業里,Xingye Vil.,A,63000,A11,63000080,,Wenshan District,4540.725376048146
63000080007,臺北市,文山區,萬有里,Wanyou Vil.,A,63000,A11,63000080,,Wenshan District,7087.028917392863
63000080014,臺北市,文山區,興光里,Xingguang Vil.,A,63000,A11,63000080,,Wenshan District,10125.506505518884
63000080009,臺北市,文山區,萬隆里,Wanlong Vil.,A,63000,A11,63000080,,Wenshan District,9266.33014867619
63000080033,臺北市,文山區,萬芳里,Wanfang Vil.,A,63000,A11,63000080,,Wenshan District,2746.4064816738482
63000080013,臺北市,文山區,興豐里,Xingfeng Vil.,A,63000,A11,63000080,,Wenshan District,5693.627782584727
63000080008,臺北市,文山區,萬祥里,Wanxiang Vil.,A,63000,A11,63000080,,Wenshan District,9481.376664538155
63000080035,臺北市,文山區,萬興里,Wanxing Vil.,A,63000,A11,63000080,,Wenshan District,9066.099053501464
63000080042,臺北市,文山區,興邦里,Xingbang Vil.,A,63000,A11,63000080,,Wenshan District,5054.274898054499
63000080011,臺北市,文山區,萬和里,Wanhe Vil.,A,63000,A11,63000080,,Wenshan District,7162.740444543387
63000080039,臺北市,文山區,萬美里,Wanmei Vil.,A,63000,A11,63000080,,Wenshan District,5359.064985085718
63000080012,臺北市,文山區,萬盛里,Wancheng Vil.,A,63000,A11,63000080,,Wenshan District,10668.166997458286
63000080020,臺北市,文山區,興旺里,Xingwang Vil.,A,63000,A11,63000080,,Wenshan District,7185.613508426814
63000080010,臺北市,文山區,萬年里,Wannian Vil.,A,63000,A11,63000080,,Wenshan District,8327.412419050826
63000080021,臺北市,文山區,興泰里,Xingtai Vil.,A,63000,A11,63000080,,Wenshan District,5856.662149008853
63000080022,臺北市,文山區,興昌里,Xingchang Vil.,A,63000,A11,63000080,,Wenshan District,5778.970465059292
63000050001,臺北市,中正區,水源里,Shuiyuan Vil.,A,63000,A03,63000050,,Zhongzheng District,7455.581635373638
63000080034,臺北市,文山區,博嘉里,Bojia Vil.,A,63000,A11,63000080,,Wenshan District,4659.9423203188
63000050002,臺北市,中正區,富水里,Fushui Vil.,A,63000,A03,63000050,,Zhongzheng District,7649.223353506317
63000050003,臺北市,中正區,文盛里,Wencheng Vil.,A,63000,A03,63000050,,Zhongzheng District,15009.96016986913
63000020041,臺北市,信義區,黎安里,Li'an Vil.,A,63000,A17,63000020,,Xinyi District,1942.2484590951146
63000030046,臺北市,大安區,黎元里,Liyuan Vil.,A,63000,A02,63000030,,Da'an District,13036.999818903434
63000030048,臺北市,大安區,黎和里,Lihe Vil.,A,63000,A02,63000030,,Da'an District,4117.780007994502
63000050004,臺北市,中正區,林興里,Linxing Vil.,A,63000,A03,63000050,,Zhongzheng District,17589.868139178525
63000070029,臺北市,萬華區,榮德里,Rongde Vil.,A,63000,A05,63000070,,Wanhua District,0.0
63000070032,臺北市,萬華區,華中里,Huazhong Vil.,A,63000,A05,63000070,,Wanhua District,0.0
63000070031,臺北市,萬華區,興德里,Xingde Vil.,A,63000,A05,63000070,,Wanhua District,0.0
63000070033,臺北市,萬華區,日祥里,Rixiang Vil.,A,63000,A05,63000070,,Wanhua District,186.10260532833698
63000030043,臺北市,大安區,大學里,Daxue Vil.,A,63000,A02,63000030,,Da'an District,21102.749949144658
63000030057,臺北市,大安區,學府里,Xuefu Vil.,A,63000,A02,63000030,,Da'an District,29128.473430689763
63000030047,臺北市,大安區,黎孝里,Lixiao Vil.,A,63000,A02,63000030,,Da'an District,10166.143416607581
63000070028,臺北市,萬華區,銘德里,Mingde Vil.,A,63000,A05,63000070,,Wanhua District,0.0
63000020040,臺北市,信義區,黎忠里,Lizhong Vil.,A,63000,A17,63000020,,Xinyi District,10978.130898433203
63000030013,臺北市,大安區,古風里,Gufeng Vil.,A,63000,A02,63000030,,Da'an District,30841.40907384015
63000050007,臺北市,中正區,網溪里,Wangxi Vil.,A,63000,A03,63000050,,Zhongzheng District,29604.902089924333
63000020033,臺北市,信義區,泰和里,Taihe Vil.,A,63000,A17,63000020,,Xinyi District,3158.0795202722156
63000050005,臺北市,中正區,河堤里,Heti Vil.,A,63000,A03,63000050,,Zhongzheng District,31745.380511742693
63000070027,臺北市,萬華區,保德里,Baode Vil.,A,63000,A05,63000070,,Wanhua District,439.4562185984331
63000030044,臺北市,大安區,芳和里,Fanghe Vil.,A,63000,A02,63000030,,Da'an District,25039.836587744852
63000020039,臺北市,信義區,黎平里,Liping Vil.,A,63000,A17,63000020,,Xinyi District,18536.520462017845
63000070023,臺北市,萬華區,孝德里,Xiaode Vil.,A,63000,A05,63000070,,Wanhua District,111.78279953882814
63000030038,臺北市,大安區,虎嘯里,Huxiao Vil.,A,63000,A02,63000030,,Da'an District,31699.155869846647
63000030039,臺北市,大安區,臥龍里,Wolong Vil.,A,63000,A02,63000030,,Da'an District,33230.81777252742
63000070030,臺北市,萬華區,壽德里,Shoude Vil.,A,63000,A05,63000070,,Wanhua District,1257.2814630989158
63000030040,臺北市,大安區,龍淵里,Longyuan Vil.,A,63000,A02,63000030,,Da'an District,32656.341424412465
63000070034,臺北市,萬華區,忠貞里,Zhongzhen Vil.,A,63000,A05,63000070,,Wanhua District,2573.9190252061926
63000050006,臺北市,中正區,頂東里,Dingdong Vil.,A,63000,A03,63000050,,Zhongzheng District,39652.126418404274
63000070036,臺北市,萬華區,騰雲里,Tengyun Vil.,A,63000,A05,63000070,,Wanhua District,3930.8343198424554
63000070026,臺北市,萬華區,全德里,Quande Vil.,A,63000,A05,63000070,,Wanhua District,1620.6839487561872
63000030011,臺北市,大安區,龍坡里,Longpo Vil.,A,63000,A02,63000030,,Da'an District,31910.63354069946
63000030012,臺北市,大安區,龍泉里,Longquan Vil.,A,63000,A02,63000030,,Da'an District,38070.63249578086
63000070035,臺北市,萬華區,凌霄里,Lingxiao Vil.,A,63000,A05,63000070,,Wanhua District,11171.159252215837
63000070025,臺北市,萬華區,錦德里,Jinde Vil.,A,63000,A05,63000070,,Wanhua District,232.99009778410428
63000020029,臺北市,信義區,惠安里,Hui'an Vil.,A,63000,A17,63000020,,Xinyi District,13351.577305267507
63000030014,臺北市,大安區,古莊里,Guzhuang Vil.,A,63000,A02,63000030,,Da'an District,43166.16875466738
63000020032,臺北市,信義區,六合里,Liuhe Vil.,A,63000,A17,63000020,,Xinyi District,3829.280613147671
63000050008,臺北市,中正區,板溪里,Banxi Vil.,A,63000,A03,63000050,,Zhongzheng District,54943.61973478101
63000050009,臺北市,中正區,螢圃里,Yingpu Vil.,A,63000,A03,63000050,,Zhongzheng District,43647.74194496615
63000050010,臺北市,中正區,螢雪里,Yingxue Vil.,A,63000,A03,63000050,,Zhongzheng District,24933.2913404703
63000020038,臺北市,信義區,黎順里,Lishun Vil.,A,63000,A17,63000020,,Xinyi District,21379.874188152444
63000020036,臺北市,信義區,雙和里,Shuanghe Vil.,A,63000,A17,63000020,,Xinyi District,20355.88872191399
63000070022,臺北市,萬華區,忠德里,Zhongde Vil.,A,63000,A05,63000070,,Wanhua District,1612.2997985376949
63000030037,臺北市,大安區,群英里,Qunying Vil.,A,63000,A02,63000030,,Da'an District,43624.07003002273
63000030036,臺北市,大安區,群賢里,Qunxian Vil.,A,63000,A02,63000030,,Da'an District,41787.89324843791
63000030034,臺北市,大安區,法治里,Fazhi Vil.,A,63000,A02,63000030,,Da'an District,30171.338036341505
63000030028,臺北市,大安區,龍生里,Longsheng Vil.,A,63000,A02,63000030,,Da'an District,39225.0581949494
63000070024,臺北市,萬華區,和德里,Hede Vil.,A,63000,A05,63000070,,Wanhua District,605.2926025122363
63000050012,臺北市,中正區,永昌里,Yongchang Vil.,A,63000,A03,63000050,,Zhongzheng District,18030.66618026255
63000050011,臺北市,中正區,永功里,Yonggong Vil.,A,63000,A03,63000050,,Zhongzheng District,26281.646093700107
63000030035,臺北市,大安區,全安里,Quan'an Vil.,A,63000,A02,63000030,,Da'an District,34626.17006771624
63000070014,臺北市,萬華區,新和里,Xinhe Vil.,A,63000,A05,63000070,,Wanhua District,10136.04227603152
63000070020,臺北市,萬華區,日善里,Rishan Vil.,A,63000,A05,63000070,,Wanhua District,4492.900629261211
63000070021,臺北市,萬華區,新安里,Xin'an Vil.,A,63000,A05,63000070,,Wanhua District,6593.757477770203
63000030021,臺北市,大安區,錦華里,Jinhua Vil.,A,63000,A02,63000030,,Da'an District,56827.804093550134
63000020035,臺北市,信義區,景勤里,Jingqin Vil.,A,63000,A17,63000020,,Xinyi District,30914.790423979
63000070013,臺北市,萬華區,新忠里,Xinzhong Vil.,A,63000,A05,63000070,,Wanhua District,12635.81237123682
63000020037,臺北市,信義區,嘉興里,Jiaxing Vil.,A,63000,A17,63000020,,Xinyi District,28845.95525384835
63000030016,臺北市,大安區,錦安里,Jin'an Vil.,A,63000,A02,63000030,,Da'an District,48541.13026318486
63000030033,臺北市,大安區,臨江里,Linjiang Vil.,A,63000,A02,63000030,,Da'an District,31311.77487114603
63000030026,臺北市,大安區,龍陣里,Longzhen Vil.,A,63000,A02,63000030,,Da'an District,44703.217153793834
63000050014,臺北市,中正區,忠勤里,Zhongqin Vil.,A,63000,A03,63000050,,Zhongzheng District,19914.68487615446
63000030015,臺北市,大安區,龍安里,Long'an Vil.,A,63000,A02,63000030,,Da'an District,40930.6095695013
63000050013,臺北市,中正區,龍興里,Longxing Vil.,A,63000,A03,63000050,,Zhongzheng District,30764.927712564062
63000030027,臺北市,大安區,龍雲里,Longyun Vil.,A,63000,A02,63000030,,Da'an District,46074.64739719374
63000030023,臺北市,大安區,新龍里,Xinlong Vil.,A,63000,A02,63000030,,Da'an District,47810.84386056932
63000050019,臺北市,中正區,南福里,Nanfu Vil.,A,63000,A03,63000050,,Zhongzheng District,59340.7227771867
63000050018,臺北市,中正區,龍光里,Longguang Vil.,A,63000,A03,63000050,,Zhongzheng District,46810.98134583132
63000030020,臺北市,大安區,錦泰里,Jintai Vil.,A,63000,A02,63000030,,Da'an District,60347.25001469819
63000070016,臺北市,萬華區,和平里,Heping Vil.,A,63000,A05,63000070,,Wanhua District,5023.147872385919
63000070012,臺北市,萬華區,雙園里,Shuangyuan Vil.,A,63000,A05,63000070,,Wanhua District,9839.349368401248
63000020030,臺北市,信義區,三張里,Sanzhang Vil.,A,63000,A17,63000020,,Xinyi District,41328.103048100376
63000020028,臺北市,信義區,景新里,Jingxin Vil.,A,63000,A17,63000020,,Xinyi District,55743.26322023401
63000020034,臺北市,信義區,景聯里,Jinglian Vil.,A,63000,A17,63000020,,Xinyi District,41393.26226517423
63000030031,臺北市,大安區,通化里,Tonghua Vil.,A,63000,A02,63000030,,Da'an District,36192.24011272285
63000030032,臺北市,大安區,通安里,Tong'an Vil.,A,63000,A02,63000030,,Da'an District,38171.388312713934
63000030030,臺北市,大安區,義安里,Yi'an Vil.,A,63000,A02,63000030,,Da'an District,44919.27064227431
63000050015,臺北市,中正區,廈安里,Xia'an Vil.,A,63000,A03,63000050,,Zhongzheng District,27352.281449192753
63000030029,臺北市,大安區,住安里,Zhu'an Vil.,A,63000,A02,63000030,,Da'an District,49592.75530591236
63000030022,臺北市,大安區,龍圖里,Longtu Vil.,A,63000,A02,63000030,,Da'an District,54917.98245059402
63000030041,臺北市,大安區,龍門里,Longmen Vil.,A,63000,A02,63000030,,Da'an District,40578.80189046897
63000020031,臺北市,信義區,三犁里,Sanli Vil.,A,63000,A17,63000020,,Xinyi District,31862.21438699074
63000070017,臺北市,萬華區,綠堤里,Lvti Vil.,A,63000,A05,63000070,,Wanhua District,2609.4025730724716
63000030017,臺北市,大安區,福住里,Fuzhu Vil.,A,63000,A02,63000030,,Da'an District,48364.38927584903
63000070011,臺北市,萬華區,頂碩里,Dingshuo Vil.,A,63000,A05,63000070,,Wanhua District,18801.061195476574
63000030018,臺北市,大安區,永康里,Yongkang Vil.,A,63000,A02,63000030,,Da'an District,56263.6703879848
63000020004,臺北市,信義區,中興里,Zhongxing Vil.,A,63000,A17,63000020,,Xinyi District,43462.73490443605
63000050021,臺北市,中正區,新營里,Xinying Vil.,A,63000,A03,63000050,,Zhongzheng District,76624.22087733408
63000050020,臺北市,中正區,龍福里,Longfu Vil.,A,63000,A03,63000050,,Zhongzheng District,76191.06742072843
63000070018,臺北市,萬華區,華江里,Huajiang Vil.,A,63000,A05,63000070,,Wanhua District,1216.566495203341
63000070015,臺北市,萬華區,糖廍里,Tangbu  Vil.,A,63000,A05,63000070,,Wanhua District,9756.860337190023
63000030019,臺北市,大安區,光明里,Guangming Vil.,A,63000,A02,63000030,,Da'an District,62411.47688606382
63000020022,臺北市,信義區,松友里,Songyou Vil.,A,63000,A17,63000020,,Xinyi District,19008.074862158417
63000070010,臺北市,萬華區,富福里,Fufu Vil.,A,63000,A05,63000070,,Wanhua District,27193.45183495022
63000050017,臺北市,中正區,南門里,Nanmen Vil.,A,63000,A03,63000050,,Zhongzheng District,63403.164780328836
63000050016,臺北市,中正區,愛國里,Aiguo Vil.,A,63000,A03,63000050,,Zhongzheng District,48126.22588615151
63000020021,臺北市,信義區,松隆里,Songlong Vil.,A,63000,A17,63000020,,Xinyi District,5958.5151208664065
63000020002,臺北市,信義區,正和里,Zhenghe Vil.,A,63000,A17,63000020,,Xinyi District,53145.76665570127
63000030056,臺北市,大安區,光信里,Guangxin Vil.,A,63000,A02,63000030,,Da'an District,45228.105666557305
63000030053,臺北市,大安區,敦煌里,Dunhuang Vil.,A,63000,A02,63000030,,Da'an District,44816.00279799821
63000050030,臺北市,中正區,文祥里,Wenxiang Vil.,A,63000,A03,63000050,,Zhongzheng District,59643.621990819054
63000030051,臺北市,大安區,敦安里,Dun'an Vil.,A,63000,A02,63000030,,Da'an District,49471.27159365393
63000030001,臺北市,大安區,德安里,De'an Vil.,A,63000,A02,63000030,,Da'an District,54023.19028638891
63000030002,臺北市,大安區,仁慈里,Renci Vil.,A,63000,A02,63000030,,Da'an District,55516.03824690396
63000030003,臺北市,大安區,和安里,He'an Vil.,A,63000,A02,63000030,,Da'an District,54082.47719910656
63000030004,臺北市,大安區,民炤里,Minzhao Vil.,A,63000,A02,63000030,,Da'an District,47705.46483382186
63000050031,臺北市,中正區,三愛里,San'ai Vil.,A,63000,A03,63000050,,Zhongzheng District,48869.38501969018
63000090018,臺北市,南港區,九如里,Jiuru Vil.,A,63000,A13,63000090,,Nangang District,0.0
63000020001,臺北市,信義區,西村里,Xicun Vil.,A,63000,A17,63000020,,Xinyi District,68392.60265809778
63000020009,臺北市,信義區,安康里,Ankang Vil.,A,63000,A17,63000020,,Xinyi District,52451.93165110702
63000070009,臺北市,萬華區,仁德里,Rende Vil.,A,63000,A05,63000070,,Wanhua District,51419.69091843125
63000020020,臺北市,信義區,國業里,Guoye Vil.,A,63000,A17,63000020,,Xinyi District,28934.529170254238
63000070008,臺北市,萬華區,福音里,Fuyin Vil.,A,63000,A05,63000070,,Wanhua District,35109.02210298665
63000070007,臺北市,萬華區,富民里,Fumin Vil.,A,63000,A05,63000070,,Wanhua District,27872.386227345665
63000020027,臺北市,信義區,大仁里,Daren Vil.,A,63000,A17,63000020,,Xinyi District,14914.15971357709
63000020024,臺北市,信義區,中坡里,Zhongpo Vil.,A,63000,A17,63000020,,Xinyi District,1982.3681808688139
63000020008,臺北市,信義區,廣居里,Guangju Vil.,A,63000,A17,63000020,,Xinyi District,57108.90464574583
63000020003,臺北市,信義區,興隆里,Xinglong Vil.,A,63000,A17,63000020,,Xinyi District,65117.260573743464
63000030052,臺北市,大安區,正聲里,Zhengsheng Vil.,A,63000,A02,63000030,,Da'an District,57527.18364295775
63000090019,臺北市,南港區,仁福里,Renfu Vil.,A,63000,A13,63000090,,Nangang District,1134.0964948887097
63000050029,臺北市,中正區,文北里,Wenbei Vil.,A,63000,A03,63000050,,Zhongzheng District,60777.75960363468
63000030050,臺北市,大安區,建倫里,Jianlun Vil.,A,63000,A02,63000030,,Da'an District,68890.61188552028
63000030005,臺北市,大安區,仁愛里,Ren'ai Vil.,A,63000,A02,63000030,,Da'an District,73980.96448220684
63000030006,臺北市,大安區,義村里,Yi Vil.,A,63000,A02,63000030,,Da'an District,59310.450428143355
63000090014,臺北市,南港區,百福里,Baifu Vil.,A,63000,A13,63000090,,Nangang District,1542.5289692987435
63000020025,臺北市,信義區,中行里,Zhongxing Vil.,A,63000,A17,63000020,,Xinyi District,1689.3071046184898
63000070004,臺北市,萬華區,新起里,Xinqi Vil.,A,63000,A05,63000070,,Wanhua District,53438.043404214
63000050022,臺北市,中正區,建國里,Jianguo Vil.,A,63000,A03,63000050,,Zhongzheng District,120983.31304955088
63000070019,臺北市,萬華區,柳鄉里,Liuxiang Vil.,A,63000,A05,63000070,,Wanhua District,3189.2181702084313
63000070006,臺北市,萬華區,青山里,Qingshan Vil.,A,63000,A05,63000070,,Wanhua District,11616.755664525133
63000020019,臺北市,信義區,富台里,Futai Vil.,A,63000,A17,63000020,,Xinyi District,60309.75040303388
63000050027,臺北市,中正區,幸市里,Xingshi Vil.,A,63000,A03,63000050,,Zhongzheng District,52997.665177731076
63000020023,臺北市,信義區,松光里,Songguang Vil.,A,63000,A17,63000020,,Xinyi District,24485.405788729735
63000050028,臺北市,中正區,東門里,Dongmen Vil.,A,63000,A03,63000050,,Zhongzheng District,97625.09048664985
63000020015,臺北市,信義區,長春里,Changchun Vil.,A,63000,A17,63000020,,Xinyi District,52779.03322855977
63000090016,臺北市,南港區,舊莊里,Jiuzhuang Vil.,A,63000,A13,63000090,,Nangang District,0.0
63000020006,臺北市,信義區,興雅里,Xingya Vil.,A,63000,A17,63000020,,Xinyi District,99405.96268536162
63000070003,臺北市,萬華區,西門里,Ximen Vil.,A,63000,A05,63000070,,Wanhua District,50463.01077204452
63000020026,臺北市,信義區,大道里,Dadao Vil.,A,63000,A17,63000020,,Xinyi District,18732.339195367465
63000030055,臺北市,大安區,車層里,Checeng Vil.,A,63000,A02,63000030,,Da'an District,64825.00817783926
63000030008,臺北市,大安區,昌隆里,Changlong Vil.,A,63000,A02,63000030,,Da'an District,59601.79353153928
63000030009,臺北市,大安區,誠安里,Cheng'an Vil.,A,63000,A02,63000030,,Da'an District,72434.40863319916
63000070005,臺北市,萬華區,菜園里,Caiyuan Vil.,A,63000,A05,63000070,,Wanhua District,16446.75190825282
63000030049,臺北市,大安區,建安里,Jian'an Vil.,A,63000,A02,63000030,,Da'an District,91379.72887154478
63000030010,臺北市,大安區,光武里,Guangwu Vil.,A,63000,A02,63000030,,Da'an District,95784.74561220167
63000030054,臺北市,大安區,華聲里,Huasheng Vil.,A,63000,A02,63000030,,Da'an District,67806.85709587285
63000030007,臺北市,大安區,民輝里,Minhui Vil.,A,63000,A02,63000030,,Da'an District,58069.18385017009
63000020018,臺北市,信義區,永春里,Yongchun Vil.,A,63000,A17,63000020,,Xinyi District,30399.416552208088
63000050026,臺北市,中正區,幸福里,Xingfu Vil.,A,63000,A03,63000050,,Zhongzheng District,101192.10913002862
63000090013,臺北市,南港區,鴻福里,Hongfu Vil.,A,63000,A13,63000090,,Nangang District,17747.905312642306
63000020017,臺北市,信義區,四維里,Siwei Vil.,A,63000,A17,63000020,,Xinyi District,43218.88365467585
63000020013,臺北市,信義區,五全里,Wuquan Vil.,A,63000,A17,63000020,,Xinyi District,58468.68629237705
63000020010,臺北市,信義區,六藝里,Liuyi Vil.,A,63000,A17,63000020,,Xinyi District,72705.21583512783
63000020007,臺北市,信義區,敦厚里,Dunhou Vil.,A,63000,A17,63000020,,Xinyi District,84191.9224449816
63000070002,臺北市,萬華區,萬壽里,Wanshou Vil.,A,63000,A05,63000070,,Wanhua District,44764.60014998203
63000090011,臺北市,南港區,成福里,Chengfu Vil.,A,63000,A13,63000090,,Nangang District,8971.26961962776
63000040037,臺北市,中山區,埤頭里,Bitou Vil.,A,63000,A10,63000040,,Zhongshan District,65743.11329147998
63000050025,臺北市,中正區,梅花里,Meihua Vil.,A,63000,A03,63000050,,Zhongzheng District,93062.43647548647
63000090012,臺北市,南港區,萬福里,Wanfu Vil.,A,63000,A13,63000090,,Nangang District,25896.323035893678
63000010027,臺北市,松山區,中崙里,Zhonglun Vil.,A,63000,A01,63000010,,Songshan District,93166.10222278573
63000010034,臺北市,松山區,福成里,Fucheng Vil.,A,63000,A01,63000010,,Songshan District,99805.08323087981
63000010030,臺北市,松山區,敦化里,Dunhua Vil.,A,63000,A01,63000010,,Songshan District,95853.80958504783
63000010029,臺北市,松山區,吉仁里,Jiren Vil.,A,63000,A01,63000010,,Songshan District,83017.608535755
63000010031,臺北市,松山區,復源里,Fuyuan Vil.,A,63000,A01,63000010,,Songshan District,75615.40658709005
63000010032,臺北市,松山區,復建里,Fujian Vil.,A,63000,A01,63000010,,Songshan District,67411.53567658643
63000040038,臺北市,中山區,朱崙里,Zhulun Vil.,A,63000,A10,63000040,,Zhongshan District,64588.49130160507
63000020012,臺北市,信義區,五常里,Wuchang Vil.,A,63000,A17,63000020,,Xinyi District,56453.98464871642
63000010025,臺北市,松山區,復盛里,Fucheng Vil.,A,63000,A01,63000010,,Songshan District,62082.13956362162
63000040001,臺北市,中山區,正守里,Zhengshou Vil.,A,63000,A10,63000040,,Zhongshan District,85013.84934315232
63000050024,臺北市,中正區,黎明里,Liming Vil.,A,63000,A03,63000050,,Zhongzheng District,193333.78892008236
63000090017,臺北市,南港區,中研里,Zhongyan Vil.,A,63000,A13,63000090,,Nangang District,9944.184110853843
63000020005,臺北市,信義區,新仁里,Xinren Vil.,A,63000,A17,63000020,,Xinyi District,79716.5305107558
63000020011,臺北市,信義區,雅祥里,Yaxiang Vil.,A,63000,A17,63000020,,Xinyi District,64107.26302381876
63000070001,臺北市,萬華區,福星里,Fuxing Vil.,A,63000,A05,63000070,,Wanhua District,50249.696178591505
63000020016,臺北市,信義區,四育里,Siyu Vil.,A,63000,A17,63000020,,Xinyi District,46050.455042541354
63000020014,臺北市,信義區,永吉里,Yongji Vil.,A,63000,A17,63000020,,Xinyi District,34358.050519815435
63000050023,臺北市,中正區,光復里,Guangfu Vil.,A,63000,A03,63000050,,Zhongzheng District,121281.88332016038
63000090015,臺北市,南港區,聯成里,Liancheng Vil.,A,63000,A13,63000090,,Nangang District,19374.177226928274
63000090010,臺北市,南港區,合成里,Hecheng Vil.,A,63000,A13,63000090,,Nangang District,28977.743922406873
63000010024,臺北市,松山區,新聚里,Xinju Vil.,A,63000,A01,63000010,,Songshan District,59386.646271936064
63000060002,臺北市,大同區,建明里,Jianming Vil.,A,63000,A09,63000060,,Datong District,128560.86586130934
63000010022,臺北市,松山區,吉祥里,Jixiang Vil.,A,63000,A01,63000010,,Songshan District,50846.768613233646
63000010033,臺北市,松山區,復勢里,Fushi Vil.,A,63000,A01,63000010,,Songshan District,60877.69278217876
63000010028,臺北市,松山區,美仁里,Meiren Vil.,A,63000,A01,63000010,,Songshan District,87607.22963174518
63000040039,臺北市,中山區,力行里,Lixing Vil.,A,63000,A10,63000040,,Zhongshan District,68200.44672272136
63000040036,臺北市,中山區,朱園里,Zhuyuan Vil.,A,63000,A10,63000040,,Zhongshan District,60867.21148726087
63000040032,臺北市,中山區,興亞里,Xingya Vil.,A,63000,A10,63000040,,Zhongshan District,73656.74538916364
63000040002,臺北市,中山區,正義里,Zhengyi Vil.,A,63000,A10,63000040,,Zhongshan District,94136.55171195968
63000040003,臺北市,中山區,正得里,Zhengde Vil.,A,63000,A10,63000040,,Zhongshan District,116254.03561702181
63000010018,臺北市,松山區,慈祐里,Ciyou Vil.,A,63000,A01,63000010,,Songshan District,42862.607306820064
63000090006,臺北市,南港區,新光里,Xinguang Vil.,A,63000,A13,63000090,,Nangang District,5303.469964571793
63000060004,臺北市,大同區,建泰里,Jiantai Vil.,A,63000,A09,63000060,,Datong District,114802.59222906789
63000010014,臺北市,松山區,東勢里,Dongshi Vil.,A,63000,A01,63000010,,Songshan District,54128.10065239871
63000060001,臺北市,大同區,玉泉里,Yuquan Vil.,A,63000,A09,63000060,,Datong District,53977.66763247419
63000060003,臺北市,大同區,建功里,Jiangong Vil.,A,63000,A09,63000060,,Datong District,86733.88512509699
63000010011,臺北市,松山區,東光里,Dongguang Vil.,A,63000,A01,63000010,,Songshan District,37437.56664550545
63000010019,臺北市,松山區,安平里,Anping Vil.,A,63000,A01,63000010,,Songshan District,49085.36384991704
63000010026,臺北市,松山區,中正里,Zhongzheng Vil.,A,63000,A01,63000010,,Songshan District,94631.65259937328
63000040040,臺北市,中山區,復華里,Fuhua Vil.,A,63000,A10,63000040,,Zhongshan District,65831.63409734362
63000040005,臺北市,中山區,康樂里,Kangle Vil.,A,63000,A10,63000040,,Zhongshan District,99858.67191041983
63000090009,臺北市,南港區,玉成里,Yucheng Vil.,A,63000,A13,63000090,,Nangang District,23132.72133447306
63000090003,臺北市,南港區,新富里,Xinfu Vil.,A,63000,A13,63000090,,Nangang District,31702.772005457373
63000090002,臺北市,南港區,中南里,Zhongnan Vil.,A,63000,A13,63000090,,Nangang District,16831.603834040918
63000090007,臺北市,南港區,東明里,Dongming Vil.,A,63000,A13,63000090,,Nangang District,3882.755618618663
63000010015,臺北市,松山區,中華里,Zhonghua Vil.,A,63000,A01,63000010,,Songshan District,62178.7485228706
63000010012,臺北市,松山區,龍田里,Longtian Vil.,A,63000,A01,63000010,,Songshan District,33457.985207552345
63000060005,臺北市,大同區,永樂里,Yongle Vil.,A,63000,A09,63000060,,Datong District,32945.9227898968
63000060006,臺北市,大同區,朝陽里,Zhaoyang Vil.,A,63000,A09,63000060,,Datong District,54500.8700874508
63000010021,臺北市,松山區,自強里,Ziqiang Vil.,A,63000,A01,63000010,,Songshan District,27171.166059335104
63000060007,臺北市,大同區,星明里,Xingming Vil.,A,63000,A09,63000060,,Datong District,72804.96793131859
63000010020,臺北市,松山區,鵬程里,Pengcheng Vil.,A,63000,A01,63000010,,Songshan District,31528.669188703316
63000060008,臺北市,大同區,光能里,Guangneng Vil.,A,63000,A09,63000060,,Datong District,93904.293633288
63000010035,臺北市,松山區,松基里,Songji Vil.,A,63000,A01,63000010,,Songshan District,56595.91922171289
63000040035,臺北市,中山區,龍洲里,Longzhou Vil.,A,63000,A10,63000040,,Zhongshan District,58580.38686011667
63000040034,臺北市,中山區,朱馥里,Zhufu Vil.,A,63000,A10,63000040,,Zhongshan District,62511.89696189725
63000100027,臺北市,內湖區,行善里,Xingshan Vil.,A,63000,A14,63000100,,Neihu District,27640.44957366979
63000040004,臺北市,中山區,民安里,Min'an Vil.,A,63000,A10,63000040,,Zhongshan District,117534.6749914428
63000040030,臺北市,中山區,中吉里,Zhongji Vil.,A,63000,A10,63000040,,Zhongshan District,93510.31411381408
63000040033,臺北市,中山區,中央里,Zhongyang Vil.,A,63000,A10,63000040,,Zhongshan District,78231.24346817561
63000040031,臺北市,中山區,中原里,Zhongyuan Vil.,A,63000,A10,63000040,,Zhongshan District,92061.36020175212
63000040006,臺北市,中山區,中山里,Zhongshan Vil.,A,63000,A10,63000040,,Zhongshan District,88313.21162289727
63000090005,臺北市,南港區,東新里,Dongxin Vil.,A,63000,A13,63000090,,Nangang District,2682.3377087014683
63000010013,臺北市,松山區,東昌里,Dongchang Vil.,A,63000,A01,63000010,,Songshan District,29074.438604595223
63000010009,臺北市,松山區,介壽里,Jieshou Vil.,A,63000,A01,63000010,,Songshan District,18726.724945502836
63000010008,臺北市,松山區,富泰里,Futai Vil.,A,63000,A01,63000010,,Songshan District,18817.195096432402
63000090008,臺北市,南港區,西新里,Xixin Vil.,A,63000,A13,63000090,,Nangang District,7163.871845060167
63000090020,臺北市,南港區,重陽里,Zhongyang Vil.,A,63000,A13,63000090,,Nangang District,1096.131752195029
63000040007,臺北市,中山區,聚盛里,Jucheng Vil.,A,63000,A10,63000040,,Zhongshan District,79069.37912239978
63000040029,臺北市,中山區,江山里,Jiangshan Vil.,A,63000,A10,63000040,,Zhongshan District,55340.4390045606
63000060011,臺北市,大同區,雙連里,Shuanglian Vil.,A,63000,A09,63000060,,Datong District,57592.128903913836
63000040023,臺北市,中山區,中庄里,Zhongzhuang Vil.,A,63000,A10,63000040,,Zhongshan District,81648.3356416055
63000090001,臺北市,南港區,南港里,Nangang Vil.,A,63000,A13,63000090,,Nangang District,12875.437136538983
63000060009,臺北市,大同區,大有里,Dayou Vil.,A,63000,A09,63000060,,Datong District,15481.000685219597
63000060010,臺北市,大同區,延平里,Yanping Vil.,A,63000,A09,63000060,,Datong District,32251.709808238564
63000010016,臺北市,松山區,民有里,Minyou Vil.,A,63000,A01,63000010,,Songshan District,32618.82827016265
63000040028,臺北市,中山區,江寧里,Jiangning Vil.,A,63000,A10,63000040,,Zhongshan District,48148.582100574764
63000040021,臺北市,中山區,松江里,Songjiang Vil.,A,63000,A10,63000040,,Zhongshan District,74543.13806493596
63000010003,臺北市,松山區,東榮里,Dongrong Vil.,A,63000,A01,63000010,,Songshan District,11289.649995271282
63000040022,臺北市,中山區,新生里,Xinsheng Vil.,A,63000,A10,63000040,,Zhongshan District,70902.43062887221
63000040009,臺北市,中山區,聚葉里,Juye Vil.,A,63000,A10,63000040,,Zhongshan District,73279.11344318159
63000100026,臺北市,內湖區,週美里,Zhoumei Vil.,A,63000,A14,63000100,,Neihu District,10385.734355369255
63000060013,臺北市,大同區,民權里,Minquan Vil.,A,63000,A09,63000060,,Datong District,44896.529351026176
63000010004,臺北市,松山區,三民里,Sanmin Vil.,A,63000,A01,63000010,,Songshan District,11103.790100084521
63000010006,臺北市,松山區,富錦里,Fujin Vil.,A,63000,A01,63000010,,Songshan District,10036.060369579094
63000060012,臺北市,大同區,南芳里,Nanfang Vil.,A,63000,A09,63000060,,Datong District,14937.658375975154
63000010005,臺北市,松山區,新益里,Xinyi Vil.,A,63000,A01,63000010,,Songshan District,9026.519037117781
63000010007,臺北市,松山區,新東里,Xindong Vil.,A,63000,A01,63000010,,Songshan District,19617.527900175995
63000040020,臺北市,中山區,新福里,Xinfu Vil.,A,63000,A10,63000040,,Zhongshan District,58869.82658804319
63000090004,臺北市,南港區,三重里,Sanzhong Vil.,A,63000,A13,63000090,,Nangang District,20506.0207336598
63000040010,臺北市,中山區,恆安里,Heng'an Vil.,A,63000,A10,63000040,,Zhongshan District,67158.36700430777
63000100037,臺北市,內湖區,蘆洲里,Luzhou Vil.,A,63000,A14,63000100,,Neihu District,3221.487811638359
63000060014,臺北市,大同區,景星里,Jingxing Vil.,A,63000,A09,63000060,,Datong District,11998.1654234903
63000060015,臺北市,大同區,隆和里,Longhe Vil.,A,63000,A09,63000060,,Datong District,25324.02630882518
63000060016,臺北市,大同區,蓬萊里,Penglai Vil.,A,63000,A09,63000060,,Datong District,40801.168647120285
63000040011,臺北市,中山區,晴光里,Qingguang Vil.,A,63000,A10,63000040,,Zhongshan District,58527.741211384055
63000010017,臺北市,松山區,民福里,Minfu Vil.,A,63000,A01,63000010,,Songshan District,18977.94106275113
63000100028,臺北市,內湖區,石潭里,Shitan Vil.,A,63000,A14,63000100,,Neihu District,528.4053948292217
63000040027,臺北市,中山區,下埤里,Xiabi Vil.,A,63000,A10,63000040,,Zhongshan District,24461.991347404928
63000040025,臺北市,中山區,行仁里,Xingren Vil.,A,63000,A10,63000040,,Zhongshan District,32591.919637551873
63000040024,臺北市,中山區,行政里,Xingzheng Vil.,A,63000,A10,63000040,,Zhongshan District,46486.98543011222
63000040026,臺北市,中山區,行孝里,Xingxiao Vil.,A,63000,A10,63000040,,Zhongshan District,29707.1413402872
63000040018,臺北市,中山區,新喜里,Xinxi Vil.,A,63000,A10,63000040,,Zhongshan District,40860.32761835932
63000040008,臺北市,中山區,集英里,Jiying Vil.,A,63000,A10,63000040,,Zhongshan District,64126.31412380957
63000060020,臺北市,大同區,斯文里,Siwen Vil.,A,63000,A09,63000060,,Datong District,36858.057542980416
63000060019,臺北市,大同區,揚雅里,Yangya Vil.,A,63000,A09,63000060,,Datong District,27016.92798259205
63000060017,臺北市,大同區,國順里,Guoshun Vil.,A,63000,A09,63000060,,Datong District,9538.717068296779
63000100022,臺北市,內湖區,五分里,Wufen Vil.,A,63000,A14,63000100,,Neihu District,6648.625263675647
63000060018,臺北市,大同區,國慶里,Guoqing Vil.,A,63000,A09,63000060,,Datong District,18285.462569639178
63000100040,臺北市,內湖區,南湖里,Nanhu Vil.,A,63000,A14,63000100,,Neihu District,6704.867241087053
63000010010,臺北市,松山區,精忠里,Jingzhong Vil.,A,63000,A01,63000010,,Songshan District,8258.83292956829
63000060022,臺北市,大同區,至聖里,Zhisheng Vil.,A,63000,A09,63000060,,Datong District,25721.596719651454
63000060021,臺北市,大同區,鄰江里,Linjiang Vil.,A,63000,A09,63000060,,Datong District,7957.423269520908
63000100036,臺北市,內湖區,明湖里,Minghu Vil.,A,63000,A14,63000100,,Neihu District,4256.0268800133035
63000100018,臺北市,內湖區,葫洲里,Huzhou Vil.,A,63000,A14,63000100,,Neihu District,6021.676627170114
63000100030,臺北市,內湖區,湖元里,Huyuan Vil.,A,63000,A14,63000100,,Neihu District,1518.276212766619
63000100024,臺北市,內湖區,樂康里,Lekang Vil.,A,63000,A14,63000100,,Neihu District,1482.9723281247811
63000060026,臺北市,大同區,保安里,Bao'an Vil.,A,63000,A09,63000060,,Datong District,18502.52813011808
63000100023,臺北市,內湖區,東湖里,Donghu Vil.,A,63000,A14,63000100,,Neihu District,2450.2333330164756
63000100031,臺北市,內湖區,安湖里,Anhu Vil.,A,63000,A14,63000100,,Neihu District,3121.686510360881
63000100029,臺北市,內湖區,湖興里,Huxing Vil.,A,63000,A14,63000100,,Neihu District,2518.616220287919
63000100039,臺北市,內湖區,寶湖里,Baohu Vil.,A,63000,A14,63000100,,Neihu District,2411.537579163384
63000010002,臺北市,松山區,莊敬里,Zhuangjing Vil.,A,63000,A01,63000010,,Songshan District,4593.581795249174
63000100021,臺北市,內湖區,瑞光里,Ruiguang Vil.,A,63000,A14,63000100,,Neihu District,9146.9706070084
63000040017,臺北市,中山區,大佳里,Dajia Vil.,A,63000,A10,63000040,,Zhongshan District,6351.956735137032
63000040019,臺北市,中山區,新庄里,Xinzhuang Vil.,A,63000,A10,63000040,,Zhongshan District,22212.075605782487
63000040012,臺北市,中山區,圓山里,Yuanshan Vil.,A,63000,A10,63000040,,Zhongshan District,40993.29982861591
63000100035,臺北市,內湖區,康寧里,Kangning Vil.,A,63000,A14,63000100,,Neihu District,2743.517874602554
63000100020,臺北市,內湖區,瑞陽里,Ruiyang Vil.,A,63000,A14,63000100,,Neihu District,11060.50438486246
63000100034,臺北市,內湖區,金湖里,Jinhu Vil.,A,63000,A14,63000100,,Neihu District,6217.695258584464
63000060024,臺北市,大同區,老師里,Laoshi Vil.,A,63000,A09,63000060,,Datong District,2585.4489969855254
63000100016,臺北市,內湖區,紫雲里,Ziyun Vil.,A,63000,A14,63000100,,Neihu District,4200.902387896659
63000060025,臺北市,大同區,重慶里,Zhongqing Vil.,A,63000,A09,63000060,,Datong District,12091.561820000645
63000100019,臺北市,內湖區,紫陽里,Ziyang Vil.,A,63000,A14,63000100,,Neihu District,8027.734849339647
63000040016,臺北市,中山區,永安里,Yong'an Vil.,A,63000,A10,63000040,,Zhongshan District,14216.214558826437
63000110014,臺北市,士林區,明勝里,Mingsheng Vil.,A,63000,A15,63000110,,Shilin District,15982.773159641929
63000100005,臺北市,內湖區,港墘里,Gangqi Vil.,A,63000,A14,63000100,,Neihu District,20937.563997869343
63000100011,臺北市,內湖區,紫星里,Zixing Vil.,A,63000,A14,63000100,,Neihu District,5285.850934024375
63000110016,臺北市,士林區,富光里,Fuguang Vil.,A,63000,A15,63000110,,Shilin District,241.0607393541636
63000110013,臺北市,士林區,福華里,Fuhua Vil.,A,63000,A15,63000110,,Shilin District,10693.38626403794
63000100006,臺北市,內湖區,港都里,Gangdou Vil.,A,63000,A14,63000100,,Neihu District,30337.6929984886
63000110015,臺北市,士林區,福順里,Fushun Vil.,A,63000,A15,63000110,,Shilin District,2956.4799245734675
63000110012,臺北市,士林區,承德里,Chengde Vil.,A,63000,A15,63000110,,Shilin District,17986.100154710795
63000100017,臺北市,內湖區,清白里,Qingbai Vil.,A,63000,A14,63000100,,Neihu District,4093.2680489809914
63000040041,臺北市,中山區,金泰里,Jintai Vil.,A,63000,A10,63000040,,Zhongshan District,14688.010620281524
63000110011,臺北市,士林區,百齡里,Bailing Vil.,A,63000,A15,63000110,,Shilin District,9820.868002739559
63000100009,臺北市,內湖區,內湖里,Neihu Vil.,A,63000,A14,63000100,,Neihu District,5819.643936734384
63000040015,臺北市,中山區,成功里,Chenggong Vil.,A,63000,A10,63000040,,Zhongshan District,16370.19354185596
63000100001,臺北市,內湖區,西湖里,Xihu Vil.,A,63000,A14,63000100,,Neihu District,33387.807679896694
63000110017,臺北市,士林區,葫蘆里,Hulu Vil.,A,63000,A15,63000110,,Shilin District,0.0
63000100038,臺北市,內湖區,麗山里,Lishan Vil.,A,63000,A14,63000100,,Neihu District,30953.231891133073
63000100013,臺北市,內湖區,金龍里,Jinlong Vil.,A,63000,A14,63000100,,Neihu District,4235.499788466748
63000100032,臺北市,內湖區,秀湖里,Xiuhu Vil.,A,63000,A14,63000100,,Neihu District,2965.0333652183845
63000110010,臺北市,士林區,前港里,Qiangang Vil.,A,63000,A15,63000110,,Shilin District,20714.126934800104
63000110018,臺北市,士林區,葫東里,Hudong Vil.,A,63000,A15,63000110,,Shilin District,2822.044513282423
63000100010,臺北市,內湖區,湖濱里,Hubin Vil.,A,63000,A14,63000100,,Neihu District,9039.76256339541
63000110009,臺北市,士林區,福中里,Fuzhong Vil.,A,63000,A15,63000110,,Shilin District,9846.145256680471
63000110020,臺北市,士林區,社新里,Shexin Vil.,A,63000,A15,63000110,,Shilin District,0.0
63000100007,臺北市,內湖區,港富里,Gangfu Vil.,A,63000,A14,63000100,,Neihu District,18381.591054373832
63000110002,臺北市,士林區,義信里,Yixin Vil.,A,63000,A15,63000110,,Shilin District,28213.62840235392
63000100033,臺北市,內湖區,安泰里,Antai Vil.,A,63000,A14,63000100,,Neihu District,395.00164097305986
63000040013,臺北市,中山區,劍潭里,Jiantan Vil.,A,63000,A10,63000040,,Zhongshan District,8396.628200015411
63000110001,臺北市,士林區,仁勇里,Renyong Vil.,A,63000,A15,63000110,,Shilin District,26922.273727050735
63000040042,臺北市,中山區,北安里,Bei'an Vil.,A,63000,A10,63000040,,Zhongshan District,6309.624021640095
63000040014,臺北市,中山區,大直里,Dazhi Vil.,A,63000,A10,63000040,,Zhongshan District,8175.05447102183
63000100008,臺北市,內湖區,港華里,Ganghua Vil.,A,63000,A14,63000100,,Neihu District,17413.518229206573
63000110004,臺北市,士林區,福德里,Fude Vil.,A,63000,A15,63000110,,Shilin District,20285.351036320273
63000110019,臺北市,士林區,社子里,Shezi Vil.,A,63000,A15,63000110,,Shilin District,1434.386542268157
63000110021,臺北市,士林區,社園里,Sheyuan Vil.,A,63000,A15,63000110,,Shilin District,143.93957618731756
63000110022,臺北市,士林區,永倫里,Yonglun Vil.,A,63000,A15,63000110,,Shilin District,0.0
63000110008,臺北市,士林區,後港里,Hougang Vil.,A,63000,A15,63000110,,Shilin District,6061.642928285239
63000100002,臺北市,內湖區,西康里,Xikang Vil.,A,63000,A14,63000100,,Neihu District,6117.93473763574
63000100003,臺北市,內湖區,西安里,Xi'an Vil.,A,63000,A14,63000100,,Neihu District,6299.997973756397
63000110007,臺北市,士林區,福佳里,Fujia Vil.,A,63000,A15,63000110,,Shilin District,11395.404199368335
63000110003,臺北市,士林區,福林里,Fulin Vil.,A,63000,A15,63000110,,Shilin District,28257.601689170016
63000110006,臺北市,士林區,舊佳里,Jiujia Vil.,A,63000,A15,63000110,,Shilin District,19029.192389477466
63000110005,臺北市,士林區,福志里,Fuzhi Vil.,A,63000,A15,63000110,,Shilin District,16998.08148255534
63000110028,臺北市,士林區,德華里,Dehua Vil.,A,63000,A15,63000110,,Shilin District,15533.1433621724
63000100012,臺北市,內湖區,大湖里,Dahu Vil.,A,63000,A14,63000100,,Neihu District,2129.16153269121
63000110026,臺北市,士林區,名山里,Mingshan Vil.,A,63000,A15,63000110,,Shilin District,13536.52472229719
63000110027,臺北市,士林區,德行里,Dexing Vil.,A,63000,A15,63000110,,Shilin District,21144.680946105753
63000100014,臺北市,內湖區,金瑞里,Jinrui Vil.,A,63000,A14,63000100,,Neihu District,626.48293294534
63000110030,臺北市,士林區,忠誠里,Zhongcheng Vil.,A,63000,A15,63000110,,Shilin District,14892.293973059062
63000110025,臺北市,士林區,岩山里,Yanshan Vil.,A,63000,A15,63000110,,Shilin District,5678.932724336644
63000100025,臺北市,內湖區,內溝里,Neigou Vil.,A,63000,A14,63000100,,Neihu District,154.95602887143775
63000120001,臺北市,北投區,建民里,Jianmin Vil.,A,63000,A16,63000120,,Beitou District,7290.143719846438
63000110029,臺北市,士林區,聖山里,Shengshan Vil.,A,63000,A15,63000110,,Shilin District,6792.160545468842
63000120002,臺北市,北投區,文林里,Wenlin Vil.,A,63000,A16,63000120,,Beitou District,16633.178186785983
63000120003,臺北市,北投區,石牌里,Shipai Vil.,A,63000,A16,63000120,,Beitou District,22885.559961042185
63000110034,臺北市,士林區,蘭雅里,Lanya Vil.,A,63000,A15,63000110,,Shilin District,13997.667844021715
63000110050,臺北市,士林區,翠山里,Cuishan Vil.,A,63000,A15,63000110,,Shilin District,0.0
63000110051,臺北市,士林區,臨溪里,Linxi Vil.,A,63000,A15,63000110,,Shilin District,0.0
63000120019,臺北市,北投區,洲美里,Zhoumei Vil.,A,63000,A16,63000120,,Beitou District,0.0
63000110035,臺北市,士林區,蘭興里,Lanxing Vil.,A,63000,A15,63000110,,Shilin District,21272.852862478256
63000120004,臺北市,北投區,福興里,Fuxing Vil.,A,63000,A16,63000120,,Beitou District,8455.824634189392
63000120014,臺北市,北投區,吉慶里,Jiqing Vil.,A,63000,A16,63000120,,Beitou District,2796.222185774533
63000110023,臺北市,士林區,福安里,Fu'an Vil.,A,63000,A15,63000110,,Shilin District,130.24726472334703
63000120005,臺北市,北投區,榮光里,Rongguang Vil.,A,63000,A16,63000120,,Beitou District,23540.63886476194
63000120007,臺北市,北投區,裕民里,Yumin Vil.,A,63000,A16,63000120,,Beitou District,32051.40346012262
63000100015,臺北市,內湖區,碧山里,Bishan Vil.,A,63000,A14,63000100,,Neihu District,44.42142181242702
63000110024,臺北市,士林區,富洲里,Fuzhou Vil.,A,63000,A15,63000110,,Shilin District,0.0
63000110037,臺北市,士林區,天祿里,Tianlu Vil.,A,63000,A15,63000110,,Shilin District,10033.510656612529
63000110043,臺北市,士林區,永福里,Yongfu Vil.,A,63000,A15,63000110,,Shilin District,0.0
63000110033,臺北市,士林區,三玉里,Sanyu Vil.,A,63000,A15,63000110,,Shilin District,1305.5132687782714
63000110036,臺北市,士林區,天福里,Tianfu Vil.,A,63000,A15,63000110,,Shilin District,3842.2376818746548
63000120016,臺北市,北投區,立賢里,Lixian Vil.,A,63000,A16,63000120,,Beitou District,1121.1135783982666
63000120015,臺北市,北投區,尊賢里,Zunxian Vil.,A,63000,A16,63000120,,Beitou District,7566.515421830207
63000110038,臺北市,士林區,天壽里,Tianshou Vil.,A,63000,A15,63000110,,Shilin District,13917.134320345618
63000120013,臺北市,北投區,吉利里,Jili Vil.,A,63000,A16,63000120,,Beitou District,15206.140623550844
63000120008,臺北市,北投區,振華里,Zhenhua Vil.,A,63000,A16,63000120,,Beitou District,35379.16679009667
63000120011,臺北市,北投區,永明里,Yongming Vil.,A,63000,A16,63000120,,Beitou District,23770.71017688477
63000120006,臺北市,北投區,榮華里,Ronghua Vil.,A,63000,A16,63000120,,Beitou District,26924.838113815338
63000110031,臺北市,士林區,芝山里,Zhishan Vil.,A,63000,A15,63000110,,Shilin District,0.0
63000120017,臺北市,北投區,立農里,Linong Vil.,A,63000,A16,63000120,,Beitou District,4256.5121539708325
63000110041,臺北市,士林區,天玉里,Tianyu Vil.,A,63000,A15,63000110,,Shilin District,7226.912584149763
63000120038,臺北市,北投區,關渡里,Guandu Vil.,A,63000,A16,63000120,,Beitou District,721.1430433876083
63000110040,臺北市,士林區,天山里,Tianshan Vil.,A,63000,A15,63000110,,Shilin District,1349.2384879913104
63000120012,臺北市,北投區,東華里,Donghua Vil.,A,63000,A16,63000120,,Beitou District,11674.097528422615
63000110039,臺北市,士林區,天和里,Tianhe Vil.,A,63000,A15,63000110,,Shilin District,170.3205229092232
63000120018,臺北市,北投區,八仙里,Baxian Vil.,A,63000,A16,63000120,,Beitou District,7325.806665569569
63000120010,臺北市,北投區,永欣里,Yongxin Vil.,A,63000,A16,63000120,,Beitou District,12735.244497316242
63000120021,臺北市,北投區,清江里,Qingjiang Vil.,A,63000,A16,63000120,,Beitou District,9289.210684114194
63000120022,臺北市,北投區,中央里,Zhongyang Vil.,A,63000,A16,63000120,,Beitou District,12843.320943820156
63000110032,臺北市,士林區,東山里,Dongshan Vil.,A,63000,A15,63000110,,Shilin District,0.0
63000120024,臺北市,北投區,大同里,Datong Vil.,A,63000,A16,63000120,,Beitou District,8624.619251620457
63000120020,臺北市,北投區,奇岩里,Qiyan Vil.,A,63000,A16,63000120,,Beitou District,3573.684604954054
63000120025,臺北市,北投區,溫泉里,Wenquan Vil.,A,63000,A16,63000120,,Beitou District,5698.646062855583
63000120023,臺北市,北投區,長安里,Chang'an Vil.,A,63000,A16,63000120,,Beitou District,6683.544723909466
63000110045,臺北市,士林區,新安里,Xin'an Vil.,A,63000,A15,63000110,,Shilin District,0.0
63000120034,臺北市,北投區,豐年里,Fengnian Vil.,A,63000,A16,63000120,,Beitou District,4053.481787346529
63000120028,臺北市,北投區,中庸里,Zhongyong Vil.,A,63000,A16,63000120,,Beitou District,4438.60265555912
63000110044,臺北市,士林區,公館里,Gongguan Vil.,A,63000,A15,63000110,,Shilin District,0.0
63000120037,臺北市,北投區,一德里,Yide Vil.,A,63000,A16,63000120,,Beitou District,17061.522927180507
63000110042,臺北市,士林區,天母里,Tianmu Vil.,A,63000,A15,63000110,,Shilin District,0.0
63000120009,臺北市,北投區,永和里,Yonghe Vil.,A,63000,A16,63000120,,Beitou District,186.4230541567333
63000120026,臺北市,北投區,林泉里,Linquan Vil.,A,63000,A16,63000120,,Beitou District,1793.456748845204
63000120033,臺北市,北投區,文化里,Wenhua Vil.,A,63000,A16,63000120,,Beitou District,2171.4228177130417
63000120031,臺北市,北投區,智仁里,Zhiren Vil.,A,63000,A16,63000120,,Beitou District,1061.2659212489975
63000120036,臺北市,北投區,桃源里,Taoyuan Vil.,A,63000,A16,63000120,,Beitou District,4700.973395358968
63000120027,臺北市,北投區,中心里,Zhongxin Vil.,A,63000,A16,63000120,,Beitou District,5200.638422327706
63000120030,臺北市,北投區,中和里,Zhonghe Vil.,A,63000,A16,63000120,,Beitou District,1349.591394594922
63000120029,臺北市,北投區,開明里,Kaiming Vil.,A,63000,A16,63000120,,Beitou District,2926.8668156987005
63000120035,臺北市,北投區,稻香里,Daoxiang Vil.,A,63000,A16,63000120,,Beitou District,620.9581132599154
63000110049,臺北市,士林區,溪山里,Xishan Vil.,A,63000,A15,63000110,,Shilin District,0.0
63000110046,臺北市,士林區,陽明里,Yangming Vil.,A,63000,A15,63000110,,Shilin District,0.0
63000120032,臺北市,北投區,秀山里,Xiushan Vil.,A,63000,A16,63000120,,Beitou District,13.472301043999877
63000120040,臺北市,北投區,湖山里,Hushan Vil.,A,63000,A16,63000120,,Beitou District,0.0
63000120039,臺北市,北投區,泉源里,Quanyuan Vil.,A,63000,A16,63000120,,Beitou District,31.74797282062453
63000110048,臺北市,士林區,平等里,Pingdeng Vil.,A,63000,A15,63000110,,Shilin District,0.0
63000120041,臺北市,北投區,大屯里,Datun Vil.,A,63000,A16,63000120,,Beitou District,0.0
63000110047,臺北市,士林區,菁山里,Jingshan Vil.,A,63000,A15,63000110,,Shilin District,0.0
63000120042,臺北市,北投區,湖田里,Hutian Vil.,A,63000,A16,63000120,,Beitou District,0.0
